{
    "IMC":{
           "C1":{"charge": -0.190700, "vdW":1.9069},
           "H1":{"charge": -0.032100,  "vdW":1.4593},
           "C2":{"charge": -0.128600,  "vdW":1.9069},
           "C3":{"charge": -0.128600,  "vdW":1.9069},
           "H2":{"charge":  0.025400,   "vdW":1.4593},
           "H3":{"charge":  0.025400,   "vdW":1.4593},
           "H4":{"charge":  0.025400,   "vdW":1.4593},
           "H5":{"charge":  0.025400,   "vdW":1.4593},
           "H6":{"charge":  0.025400,   "vdW":1.4593},
           "H7":{"charge":  0.025400,   "vdW":1.4593},
           "Mg1":{"charge": 0.868300,  "vdW":1.3600},
           "Cl1":{"charge":-0.540700, "vdW":1.9452}
    },
    "ACT":{
           "C1":{"charge":0.797950,"vdW":1.9080},
           "O1":{"charge":-0.578058,"vdW":1.6612},
           "C2":{"charge":-0.499135,"vdW":1.9069},
           "C3":{"charge":-0.499135,"vdW":1.9069},
           "H1":{"charge":0.129730,"vdW":1.4593},
           "H2":{"charge":0.129730,"vdW":1.4593},
           "H3":{"charge":0.129730,"vdW":1.4593},
           "H4":{"charge":0.129730,"vdW":1.4593},
           "H5":{"charge":0.129730,"vdW":1.4593},
           "H6":{"charge":0.129730,"vdW":1.4593}
          },
     "THF":{
             "H1":{"charge":-0.000166,"vdW":1.3593},
             "O1":{"charge":-0.487700,"vdW":1.6837},
             "C1":{"charge": 0.249869,"vdW":1.9069},
             "C2":{"charge":-0.032587,"vdW":1.9069},
             "C3":{"charge":-0.032587,"vdW":1.9069},
             "C4":{"charge": 0.249869,"vdW":1.9069},
             "H2":{"charge":-0.000166,"vdW":1.3593},
             "H3":{"charge":-0.000166,"vdW":1.3593},
             "H4":{"charge": 0.013450,"vdW":1.4593},
             "H5":{"charge": 0.013450,"vdW":1.4593},
             "H6":{"charge": 0.013450,"vdW":1.4593},
             "H7":{"charge": 0.013450,"vdW":1.4593},
             "H8":{"charge":-0.000166,"vdW":1.3593}
           },
      "GCL":{
             "C1":{"charge":0.119700,"vdW":1.9069},
             "H1":{"charge":0.053700,"vdW":1.3593},
             "H2":{"charge":0.053700,"vdW":1.3593},
             "C2":{"charge":0.152000,"vdW":1.9069},
             "H3":{"charge":0.022100,"vdW":1.3593},
             "C3":{"charge":0.119700,"vdW":1.9069},
             "H4":{"charge":0.053700,"vdW":1.3593},
             "H5":{"charge":0.053700,"vdW":1.3593},
             "O1":{"charge":-0.62700,"vdW":1.8200},
             "H6":{"charge":0.409600,"vdW":0.3019},
             "O2":{"charge":-0.58480,"vdW":1.8200},
             "H7":{"charge":0.391200,"vdW":0.3019},
             "O3":{"charge":-0.62700,"vdW":1.8200},
             "H8":{"charge":0.409700,"vdW":0.3019}
            },
        "CHL":{
                "O1" :{"charge":-0.5571,"vdW":1.8200},
                "N1" :{"charge": 0.0452,"vdW":1.8240},   
                "C1" :{"charge":-0.0290,"vdW":1.9069},    
                "C2" :{"charge":-0.1208,"vdW":1.9069},      
                "C3" :{"charge":-0.1208,"vdW":1.9069},
                "C4" :{"charge":-0.1208,"vdW":1.9069},     
                "C5" :{"charge": 0.1351,"vdW":1.9069},      
                "H1" :{"charge": 0.1004,"vdW":1.1000},  
                "H2" :{"charge": 0.1004,"vdW":1.1000},    
                "H3" :{"charge": 0.1074,"vdW":1.1000},
                "H4" :{"charge": 0.1074,"vdW":1.1000},
                "H5" :{"charge": 0.1074,"vdW":1.1000},
                "H6" :{"charge": 0.1074,"vdW":1.1000},
                "H7" :{"charge": 0.1074,"vdW":1.1000},
                "H8" :{"charge": 0.1074,"vdW":1.1000},
                "H9" :{"charge": 0.1074,"vdW":1.1000},
                "H10":{"charge": 0.1074,"vdW":1.1000},
                "H11":{"charge": 0.1074,"vdW":1.1000},
                "H12":{"charge": 0.0459,"vdW":1.3593},
                "H13":{"charge": 0.0459,"vdW":1.3593},
                "H14":{"charge": 0.4090,"vdW":0.3019}
               },
         "Clm":{
                "Clm":{"charge":-0.900000,"vdW":2.252}
               },
         "IM2":{
                 "C1" :{"charge":-0.1907,"vdW":1.9069},
                 "H1" :{"charge":-0.0321,"vdW":1.4593},
                 "Mg1":{"charge": 0.8683,"vdW":1.3600},
                 "Cl1":{"charge":-0.5407,"vdW":1.9452}, 
                 "C2" :{"charge":-0.1286,"vdW":1.9069},
                 "H2" :{"charge": 0.0254,"vdW":1.4593},
                 "H3" :{"charge": 0.0254,"vdW":1.4593},
                 "H4" :{"charge": 0.0254,"vdW":1.4593},
                 "C3" :{"charge":-0.1286,"vdW":1.9069},
                 "H5" :{"charge": 0.0254,"vdW":1.4593}, 
                 "H6" :{"charge": 0.0254,"vdW":1.4593},
                 "H7" :{"charge": 0.0254,"vdW":1.4593},
                 "C4" :{"charge": 0.249869,"vdW":1.9069},
                 "C5" :{"charge":-0.032587,"vdW":1.9069},
                 "C6" :{"charge":-0.032587,"vdW":1.9069},
                 "O1" :{"charge":-0.4877,"vdW":1.6837},
                 "C7" :{"charge": 0.249869,"vdW":1.9069},
                 "H8" :{"charge":-0.000166,"vdW":1.3593},
                 "H9" :{"charge":-0.000166,"vdW":1.3593},
                 "H10":{"charge": 0.01345,"vdW":1.4593},
                 "H11":{"charge": 0.01345,"vdW":1.4593},
                 "H12":{"charge": 0.01345,"vdW":1.4593},
                 "H13":{"charge": 0.01345,"vdW":1.4593},
                 "H14":{"charge":-0.000166,"vdW":1.3593},
                 "H15":{"charge":-0.000166,"vdW":1.3593}, 
                 "C8" :{"charge": 0.249869,"vdW":1.9069},
                 "C9" :{"charge":-0.032587,"vdW":1.9069},
                 "C10":{"charge":-0.032587,"vdW":1.9069},
                 "O2" :{"charge":-0.4877,"vdW":1.6837},
                 "C11":{"charge": 0.249869,"vdW":1.9069},
                 "H16":{"charge":-0.000166,"vdW":1.3593},
                 "H17":{"charge":-0.000166,"vdW":1.3593},
                 "H18":{"charge": 0.01345,"vdW":1.4539},
                 "H19":{"charge": 0.01345,"vdW":1.4539},
                 "H20":{"charge": 0.01345,"vdW":1.4539},
                 "H21":{"charge": 0.01345,"vdW":1.4539},
                 "H22":{"charge":-0.000166,"vdW":1.3593},
                 "H23":{"charge":-0.000166,"vdW":1.3593} 
              }
}






